﻿<?xml version="1.0" encoding="utf-8" ?>
<Systems>
  <DirectSeller>
    <Client>
      <SystemRoot>E:\svn\DirectSeller</SystemRoot>
    </Client>
    <Server>
      <SystemRoot>D:\WebSite\DirectSeller</SystemRoot>
      <IP>192.168.0.26</IP>
    </Server>
    <UpdatePaths>
      <UpdatePath>
        <Path>bin</Path>
        <FileFormats>*.dll</FileFormats>
      </UpdatePath>
      <UpdatePath>
        <Path>XmlConfig</Path>
        <FileFormats>*.xml</FileFormats>
      </UpdatePath>
    </UpdatePaths>
  </DirectSeller>
  <PerfectLife>
    <Client>
      <SystemRoot>E:\svn\PefectLife\PerfectLifeProj\Perfect\Web2</SystemRoot>
    </Client>
    <Server>
      <SystemRoot>D:\WebSite\Web2</SystemRoot>
      <IP>192.168.0.26</IP>
    </Server>
    <UpdatePaths>
      <UpdatePath>
        <Path>bin</Path>
        <FileFormats>*.dll</FileFormats>
      </UpdatePath>
      <UpdatePath>
        <Path>Configs/XmlConfig</Path>
        <FileFormats>*.xml</FileFormats>
      </UpdatePath>
    </UpdatePaths>
  </PerfectLife>
  <SysTest>
    <Client>
      <SystemRoot>E:\testReleaseProject\proj1</SystemRoot>
    </Client>
    <Server>
      <SystemRoot>E:\testReleaseProject\proj2</SystemRoot>
      <IP>192.168.0.26</IP>
    </Server>
    <UpdatePaths>
      <UpdatePath>
        <Path>path1</Path>
        <FileFormats>*.txt,*.jpg</FileFormats>
      </UpdatePath>
    </UpdatePaths>
  </SysTest>
</Systems>