﻿<?xml version="1.0" encoding="utf-8"?>
<DataSets>
  <DataSet name="InvoiceDBInfo">
    <Fields>
      <Field>
        <FieldId>1</FieldId>
        <FieldName>Month</FieldName>
        <FieldText>月份</FieldText>
        <FieldType>string</FieldType>
        <!--<FieldWidth>100</FieldWidth>-->
        <Visible>true</Visible>
      </Field>
      <Field>
        <FieldId>2</FieldId>
        <FieldName>Type</FieldName>
        <FieldText>报销类型</FieldText>
        <Required>true</Required>
      </Field>
      <Field>
        <FieldId>3</FieldId>
        <FieldName>AgentNo</FieldName>
        <FieldText>网点/服务中心</FieldText>
      </Field>
      <Field>
        <FieldId>3</FieldId>
        <FieldName>QRCodeStr</FieldName>
        <FieldText>二维码</FieldText>
      </Field>
      <Field>
        <FieldId>3</FieldId>
        <FieldName>InvoiceType</FieldName>
        <FieldText>发票类型</FieldText>
        <Required>true</Required>
      </Field>
      <Field>
        <FieldId>4</FieldId>
        <FieldName>InvoiceCode</FieldName>
        <FieldText>发票代码</FieldText>
        <Required>true</Required>
      </Field>
      <Field>
        <FieldId>5</FieldId>
        <FieldName>InvoiceNo_From</FieldName>
        <FieldText>起始发票号码</FieldText>
        <Required>true</Required>
      </Field>
      <Field>
        <FieldId>6</FieldId>
        <FieldName>InvoiceNo_To</FieldName>
        <FieldText>结束发票号码</FieldText>
      </Field>
      <Field>
        <FieldId>7</FieldId>
        <FieldName>InvoiceDate</FieldName>
        <FieldText>开票日期</FieldText>
      </Field>
      <Field>
        <FieldId>8</FieldId>
        <FieldName>InvoiceCheckCode</FieldName>
        <FieldText>发票校验码</FieldText>
        <FieldType>int</FieldType>
      </Field>
      <Field>
        <FieldId>9</FieldId>
        <FieldName>InvoiceAllMoney</FieldName>
        <FieldText>发票合计金额</FieldText>
        <FieldType>decimal</FieldType>
        <Precision>2</Precision>
      </Field>
      <Field>
        <FieldId>10</FieldId>
        <FieldName>CheckSuccess</FieldName>
        <FieldText>已查检</FieldText>
        <FieldType>bool</FieldType>
      </Field>
    </Fields>
  </DataSet>
  <DataSet name="yjquery">
    <Fields>
      <Field>
        <FieldId>1</FieldId>
        <FieldName>hybh</FieldName>
        <FieldText>会员编号</FieldText>
        <FieldType>string</FieldType>
        <FieldWidth>100</FieldWidth>
        <Visible>True</Visible>
      </Field>
      <Field>
        <FieldId>2</FieldId>
        <FieldName>hyxm</FieldName>
        <FieldText>会员姓名</FieldText>
        <FieldType>string</FieldType>
        <FieldWidth>100</FieldWidth>
        <Visible>true</Visible>
      </Field>
      <Field>
        <FieldId>3</FieldId>
        <FieldName>hysfzh</FieldName>
        <FieldText>身份证号</FieldText>
        <FieldType>string</FieldType>
        <FieldWidth>100</FieldWidth>
        <Visible>true</Visible>
      </Field>
      <Field>
        <FieldId>4</FieldId>
        <FieldName>pesfzh</FieldName>
        <FieldText>配偶身份证</FieldText>
        <FieldType>string</FieldType>
        <FieldWidth>100</FieldWidth>
        <Visible>true</Visible>
      </Field>
      <Field>
        <FieldId>5</FieldId>
        <FieldName>qxmonth</FieldName>
        <FieldText>取消月份</FieldText>
        <FieldType>string</FieldType>
        <FieldWidth>100</FieldWidth>
        <Visible>true</Visible>
      </Field>
      <Field>
        <FieldId>6</FieldId>
        <FieldName>qx</FieldName>
        <FieldText>取消</FieldText>
        <FieldType>string</FieldType>
        <FieldWidth>80</FieldWidth>
        <Visible>true</Visible>
      </Field>
      <Field>
        <FieldId>7</FieldId>
        <FieldName>pv</FieldName>
        <FieldText>积分</FieldText>
        <FieldType>int</FieldType>
        <FieldWidth>60</FieldWidth>
        <Visible>true</Visible>
      </Field>
      <Field>
        <FieldId>8</FieldId>
        <FieldName>lzzjf</FieldName>
        <FieldText>上月整组分</FieldText>
        <FieldType>int</FieldType>
        <FieldWidth>100</FieldWidth>
        <Visible>true</Visible>
      </Field>
      <Field>
        <FieldId>9</FieldId>
        <FieldName>zzjf</FieldName>
        <FieldText>整组分</FieldText>
        <FieldType>int</FieldType>
        <FieldWidth>100</FieldWidth>
        <Visible>true</Visible>
      </Field>
      <Field>
        <FieldId>10</FieldId>
        <FieldName>grljf</FieldName>
        <FieldText>个人累积分</FieldText>
        <FieldType>int</FieldType>
        <FieldWidth>100</FieldWidth>
        <Visible>true</Visible>
      </Field>
      <Field>
        <FieldId>11</FieldId>
        <FieldName>xgjf</FieldName>
        <FieldText>调差积分</FieldText>
        <FieldType>int</FieldType>
        <FieldWidth>50</FieldWidth>
        <Visible>true</Visible>
      </Field>
      <Field>
        <FieldId>12</FieldId>
        <FieldName>xzjf</FieldName>
        <FieldText>小组分</FieldText>
        <FieldType>int</FieldType>
        <FieldWidth>100</FieldWidth>
        <Visible>true</Visible>
      </Field>
      <Field>
        <FieldId>13</FieldId>
        <FieldName>yxzjf</FieldName>
        <FieldText>月整组分</FieldText>
        <FieldType>int</FieldType>
        <FieldWidth>80</FieldWidth>
        <Visible>true</Visible>
      </Field>
      <Field>
        <FieldId>14</FieldId>
        <FieldName>grjf</FieldName>
        <FieldText>个人积分</FieldText>
        <FieldType>int</FieldType>
        <FieldWidth>80</FieldWidth>
        <Visible>true</Visible>
      </Field>
      <Field>
        <FieldId>15</FieldId>
        <FieldName>jsjf</FieldName>
        <FieldText>紧缩分</FieldText>
        <FieldType>int</FieldType>
        <FieldWidth>10</FieldWidth>
        <Visible>true</Visible>
      </Field>
      <Field>
        <FieldId>16</FieldId>
        <FieldName>qpos</FieldName>
        <FieldText>当前级别</FieldText>
        <FieldType>string</FieldType>
        <FieldWidth>60</FieldWidth>
        <Visible>true</Visible>
      </Field>
      <Field>
        <FieldId>17</FieldId>
        <FieldName>hpos</FieldName>
        <FieldText>最高级别</FieldText>
        <FieldType>string</FieldType>
        <FieldWidth>60</FieldWidth>
        <Visible>true</Visible>
      </Field>
      <Field>
        <FieldId>18</FieldId>
        <FieldName>jfjf</FieldName>
        <FieldText>借分积分</FieldText>
        <FieldType>string</FieldType>
        <FieldWidth>60</FieldWidth>
        <Visible>true</Visible>
      </Field>
      <Field>
        <FieldId>19</FieldId>
        <FieldName>ch</FieldName>
        <FieldText>代数</FieldText>
        <FieldType>string</FieldType>
        <FieldWidth>20</FieldWidth>
        <Visible>true</Visible>
      </Field>
      <Field>
        <FieldId>20</FieldId>
        <FieldName>xsb</FieldName>
        <FieldText>五星</FieldText>
        <FieldType>int</FieldType>
        <FieldWidth>20</FieldWidth>
        <Visible>true</Visible>
      </Field>
      <Field>
        <FieldId>21</FieldId>
        <FieldName>gdc</FieldName>
        <FieldText>金钻线数</FieldText>
        <FieldType>decimal</FieldType>
        <FieldWidth>20</FieldWidth>
        <Visible>true</Visible>
      </Field>
      <Field>
        <FieldId>22</FieldId>
        <FieldName>bonus</FieldName>
        <FieldText>奖金</FieldText>
        <FieldType>decimal</FieldType>
        <FieldWidth>40</FieldWidth>
        <Visible>true</Visible>
      </Field>
      <Field>
        <FieldId>23</FieldId>
        <FieldName>acfee</FieldName>
        <FieldText>管理费</FieldText>
        <FieldType>decimal</FieldType>
        <FieldWidth>40</FieldWidth>
        <Visible>true</Visible>
      </Field>
      <Field>
        <FieldId>24</FieldId>
        <FieldName>area</FieldName>
        <FieldText>专卖店</FieldText>
        <FieldType>string</FieldType>
        <FieldWidth>40</FieldWidth>
        <Visible>true</Visible>
      </Field>
      <Field>
        <FieldId>25</FieldId>
        <FieldName>passby</FieldName>
        <FieldText>下级</FieldText>
        <FieldType>string</FieldType>
        <FieldWidth>40</FieldWidth>
        <Visible>true</Visible>
      </Field>
      <Field>
        <FieldId>26</FieldId>
        <FieldName>bl</FieldName>
        <FieldText>比例</FieldText>
        <FieldType>decimal</FieldType>
        <FieldWidth>40</FieldWidth>
        <Visible>true</Visible>
      </Field>
      <Field>
        <FieldId>27</FieldId>
        <FieldName>tb</FieldName>
        <FieldText>特别</FieldText>
        <FieldType>string</FieldType>
        <FieldWidth>10</FieldWidth>
        <Visible>true</Visible>
      </Field>
      <Field>
        <FieldId>28</FieldId>
        <FieldName>ztpv</FieldName>
        <FieldText>自推积分</FieldText>
        <FieldType>int</FieldType>
        <FieldWidth>10</FieldWidth>
        <Visible>true</Visible>
      </Field>
      <Field>
        <FieldId>29</FieldId>
        <FieldName>jsxzjf</FieldName>
        <FieldText>紧缩小组积分</FieldText>
        <FieldType>int</FieldType>
        <FieldWidth>10</FieldWidth>
        <Visible>true</Visible>
      </Field>
      <Field>
        <FieldId>30</FieldId>
        <FieldName>bhyjf</FieldName>
        <FieldText>不活跃积分</FieldText>
        <FieldType>int</FieldType>
        <FieldWidth>10</FieldWidth>
        <Visible>true</Visible>
      </Field>
      <Field>
        <FieldId>31</FieldId>
        <FieldName>sales</FieldName>
        <FieldText>销售金额</FieldText>
        <FieldType>decimal</FieldType>
        <FieldWidth>10</FieldWidth>
        <Visible>true</Visible>
      </Field>
      <Field>
        <FieldId>32</FieldId>
        <FieldName>cus_no</FieldName>
        <FieldText>专卖店号</FieldText>
        <FieldType>string</FieldType>
        <FieldWidth>10</FieldWidth>
        <Visible>true</Visible>
      </Field>
      <Field>
        <FieldId>33</FieldId>
        <FieldName>zren</FieldName>
        <FieldText>总人数</FieldText>
        <FieldType>int</FieldType>
        <FieldWidth>10</FieldWidth>
        <Visible>true</Visible>
      </Field>
      <Field>
        <FieldId>34</FieldId>
        <FieldName>order</FieldName>
        <FieldText>次序</FieldText>
        <FieldType>int</FieldType>
        <FieldWidth>10</FieldWidth>
        <Visible>true</Visible>
      </Field>
      <Field>
        <FieldId>35</FieldId>
        <FieldName>jeadd</FieldName>
        <FieldText>增加奖金</FieldText>
        <FieldType>int</FieldType>
        <FieldWidth>10</FieldWidth>
        <Visible>true</Visible>
      </Field>
      <Field>
        <FieldId>36</FieldId>
        <FieldName>yb</FieldName>
        <FieldText>应补</FieldText>
        <FieldType>int</FieldType>
        <FieldWidth>10</FieldWidth>
        <Visible>true</Visible>
      </Field>
      <Field>
        <FieldId>37</FieldId>
        <FieldName>bjhybh</FieldName>
        <FieldText>保荐人编号</FieldText>
        <FieldType>string</FieldType>
        <FieldWidth>100</FieldWidth>
        <Visible>true</Visible>
      </Field>
      <Field>
        <FieldId>38</FieldId>
        <FieldName>id</FieldName>
        <FieldText>序号</FieldText>
        <FieldType>string</FieldType>
        <FieldWidth>100</FieldWidth>
        <Visible>true</Visible>
      </Field>
      <Field>
        <FieldId>39</FieldId>
        <FieldName>bjhybh1</FieldName>
        <FieldText>上级编号</FieldText>
        <FieldType>string</FieldType>
        <FieldWidth>100</FieldWidth>
        <Visible>true</Visible>
      </Field>
      <Field>
        <FieldId>40</FieldId>
        <FieldName>bjhyxm</FieldName>
        <FieldText>上级姓名</FieldText>
        <FieldType>string</FieldType>
        <FieldWidth>100</FieldWidth>
        <Visible>true</Visible>
      </Field>
      <Field>
        <FieldId>41</FieldId>
        <FieldName>rb</FieldName>
        <FieldText>初步奖金</FieldText>
        <FieldType>decimal</FieldType>
        <FieldWidth>100</FieldWidth>
        <Visible>true</Visible>
      </Field>
      <Field>
        <FieldId>42</FieldId>
        <FieldName>bf</FieldName>
        <FieldText>补分</FieldText>
        <FieldType>decimal</FieldType>
        <FieldWidth>100</FieldWidth>
        <Visible>true</Visible>
      </Field>
      <Field>
        <FieldId>43</FieldId>
        <FieldName>jj</FieldName>
        <FieldText>多出奖金</FieldText>
        <FieldType>decimal</FieldType>
        <FieldWidth>100</FieldWidth>
        <Visible>true</Visible>
      </Field>
      <Field>
        <FieldId>44</FieldId>
        <FieldName>sumbf</FieldName>
        <FieldText>总补分</FieldText>
        <FieldType>decimal</FieldType>
        <FieldWidth>100</FieldWidth>
        <Visible>true</Visible>
      </Field>
      <Field>
        <FieldId>45</FieldId>
        <FieldName>bfhybh</FieldName>
        <FieldText>补分会员</FieldText>
        <FieldType>string</FieldType>
        <FieldWidth>100</FieldWidth>
        <Visible>true</Visible>
      </Field>
      <Field>
        <FieldId>46</FieldId>
        <FieldName>bfhyxm</FieldName>
        <FieldText>补分姓名</FieldText>
        <FieldType>string</FieldType>
        <FieldWidth>100</FieldWidth>
        <Visible>true</Visible>
      </Field>
      <Field>
        <FieldId>47</FieldId>
        <FieldName>counthy</FieldName>
        <FieldText>人数</FieldText>
        <FieldType>bool</FieldType>
        <FieldWidth>10</FieldWidth>
        <Visible>true</Visible>
      </Field>
      <Field>
        <FieldId>48</FieldId>
        <FieldName>telephone</FieldName>
        <FieldText>电话</FieldText>
        <FieldType>bool</FieldType>
        <FieldWidth>10</FieldWidth>
        <Visible>true</Visible>
      </Field>
      <Field>
        <FieldId>49</FieldId>
        <FieldName>agent</FieldName>
        <FieldText>专卖店</FieldText>
        <FieldType>string</FieldType>
        <FieldWidth>10</FieldWidth>
        <Visible>true</Visible>
      </Field>
      <Field>
        <FieldId>50</FieldId>
        <FieldName>ftype</FieldName>
        <FieldText>类型</FieldText>
        <FieldType>string</FieldType>
        <FieldWidth>10</FieldWidth>
        <Visible>true</Visible>
      </Field>
      <Field>
        <FieldId>51</FieldId>
        <FieldName>orgn</FieldName>
        <FieldText>双钻奖</FieldText>
        <FieldType>decimal</FieldType>
        <FieldWidth>10</FieldWidth>
        <Visible>true</Visible>
      </Field>
      <Field>
        <FieldId>52</FieldId>
        <FieldName>pj</FieldName>
        <FieldText>平级奖</FieldText>
        <FieldType>decimal</FieldType>
        <FieldWidth>10</FieldWidth>
        <Visible>true</Visible>
      </Field>
      <Field>
        <FieldId>53</FieldId>
        <FieldName>orgn</FieldName>
        <FieldText>双钻奖</FieldText>
        <FieldType>decimal</FieldType>
        <FieldWidth>10</FieldWidth>
        <Visible>true</Visible>
      </Field>
      <Field>
        <FieldId>54</FieldId>
        <FieldName>rb1</FieldName>
        <FieldText>红宝奖</FieldText>
        <FieldType>decimal</FieldType>
        <FieldWidth>10</FieldWidth>
        <Visible>true</Visible>
      </Field>
      <Field>
        <FieldId>55</FieldId>
        <FieldName>rb2</FieldName>
        <FieldText>翡翠奖</FieldText>
        <FieldType>decimal</FieldType>
        <FieldWidth>10</FieldWidth>
        <Visible>true</Visible>
      </Field>
      <Field>
        <FieldId>56</FieldId>
        <FieldName>rb3</FieldName>
        <FieldText>钻石奖</FieldText>
        <FieldType>decimal</FieldType>
        <FieldWidth>10</FieldWidth>
        <Visible>true</Visible>
      </Field>
      <Field>
        <FieldId>57</FieldId>
        <FieldName>rb4</FieldName>
        <FieldText>金钻奖</FieldText>
        <FieldType>decimal</FieldType>
        <FieldWidth>10</FieldWidth>
        <Visible>true</Visible>
      </Field>
      <Field>
        <FieldId>58</FieldId>
        <FieldName>userid</FieldName>
        <FieldText>编号</FieldText>
        <FieldType>String</FieldType>
        <FieldWidth>10</FieldWidth>
        <Visible>true</Visible>
      </Field>
      <Field>
        <FieldId>59</FieldId>
        <FieldName>username</FieldName>
        <FieldText>姓名</FieldText>
        <FieldType>String</FieldType>
        <FieldWidth>10</FieldWidth>
        <Visible>true</Visible>
      </Field>
      <Field>
        <FieldId>60</FieldId>
        <FieldName>phone</FieldName>
        <FieldText>电话号码</FieldText>
        <FieldType>String</FieldType>
        <FieldWidth>10</FieldWidth>
        <Visible>true</Visible>
      </Field>
      <Field>
        <FieldId>61</FieldId>
        <FieldName>agentno</FieldName>
        <FieldText>专卖店号</FieldText>
        <FieldType>String</FieldType>
        <FieldWidth>10</FieldWidth>
        <Visible>true</Visible>
      </Field>
      <Field>
        <FieldId>62</FieldId>
        <FieldName>agentname</FieldName>
        <FieldText>专卖店</FieldText>
        <FieldType>String</FieldType>
        <FieldWidth>10</FieldWidth>
        <Visible>true</Visible>
      </Field>
      <Field>
        <FieldId>63</FieldId>
        <FieldName>fzrbh</FieldName>
        <FieldText>负责人编号</FieldText>
        <FieldType>string</FieldType>
        <FieldWidth>100</FieldWidth>
        <Visible>true</Visible>
      </Field>
      <Field>
        <FieldId>64</FieldId>
        <FieldName>fzrxm</FieldName>
        <FieldText>负责人</FieldText>
        <FieldType>string</FieldType>
        <FieldWidth>100</FieldWidth>
        <Visible>true</Visible>
      </Field>
      <Field>
        <FieldId>65</FieldId>
        <FieldName>fzrmobile</FieldName>
        <FieldText>负责人手机</FieldText>
        <FieldType>string</FieldType>
        <FieldWidth>100</FieldWidth>
        <Visible>true</Visible>
      </Field>
      <Field>
        <FieldId>66</FieldId>
        <FieldName>fgsno</FieldName>
        <FieldText>分公司编号</FieldText>
        <FieldType>string</FieldType>
        <FieldWidth>100</FieldWidth>
        <Visible>True</Visible>
      </Field>
    </Fields>
  </DataSet>
  <DataSet name="config">
    <Fields>
      <Field>
        <FieldId>1</FieldId>
        <FieldName>Id</FieldName>
        <FieldText>序号</FieldText>
        <FieldType>int</FieldType>
        <FieldWidth>10</FieldWidth>
        <Visible>true</Visible>
      </Field>
      <Field>
        <FieldId>2</FieldId>
        <FieldName>Title</FieldName>
        <FieldText>标题</FieldText>
        <FieldType>string</FieldType>
        <FieldWidth>50</FieldWidth>
        <Visible>true</Visible>
      </Field>
      <Field>
        <FieldId>3</FieldId>
        <FieldName>FormName</FieldName>
        <FieldText>模块</FieldText>
        <FieldType>string</FieldType>
        <FieldWidth>50</FieldWidth>
        <Visible>true</Visible>
      </Field>
      <Field>
        <FieldId>4</FieldId>
        <FieldName>Name</FieldName>
        <FieldText>名称</FieldText>
        <FieldType>string</FieldType>
        <FieldWidth>30</FieldWidth>
        <Visible>true</Visible>
      </Field>
      <Field>
        <FieldId>5</FieldId>
        <FieldName>Script</FieldName>
        <FieldText>脚本</FieldText>
        <FieldType>string</FieldType>
        <FieldWidth>50</FieldWidth>
        <Visible>true</Visible>
      </Field>
      <Field>
        <FieldId>6</FieldId>
        <FieldName>Kind</FieldName>
        <FieldText>执行方法</FieldText>
        <FieldType>string</FieldType>
        <FieldWidth>50</FieldWidth>
        <Visible>true</Visible>
      </Field>
      <Field>
        <FieldId>7</FieldId>
        <FieldName>Kind</FieldName>
        <FieldText>执行方法</FieldText>
        <FieldType>string</FieldType>
        <FieldWidth>10</FieldWidth>
        <Visible>true</Visible>
      </Field>
      <Field>
        <FieldId>8</FieldId>
        <FieldName>ExecFlag2</FieldName>
        <FieldText>执行标记</FieldText>
        <FieldType>bool</FieldType>
        <FieldWidth>10</FieldWidth>
        <Visible>true</Visible>
      </Field>
    </Fields>
  </DataSet>
  <DataSet name="order">
    <Fields>
      <Field>
        <FieldId>1</FieldId>
        <FieldName>orderid</FieldName>
        <FieldText>序号</FieldText>
        <FieldType>int</FieldType>
        <FieldWidth>30</FieldWidth>
        <Visible>true</Visible>
      </Field>
      <Field>
        <FieldId>2</FieldId>
        <FieldName>orderno</FieldName>
        <FieldText>单号</FieldText>
        <FieldType>string</FieldType>
        <FieldWidth>100</FieldWidth>
        <Visible>true</Visible>
      </Field>
      <Field>
        <FieldId>3</FieldId>
        <FieldName>hybh</FieldName>
        <FieldText>编号</FieldText>
        <FieldType>string</FieldType>
        <FieldWidth>80</FieldWidth>
        <Visible>true</Visible>
      </Field>
      <Field>
        <FieldId>4</FieldId>
        <FieldName>hyxm</FieldName>
        <FieldText>姓名</FieldText>
        <FieldType>string</FieldType>
        <FieldWidth>100</FieldWidth>
        <Visible>true</Visible>
      </Field>
      <Field>
        <FieldId>5</FieldId>
        <FieldName>orderdate</FieldName>
        <FieldText>报单日期</FieldText>
        <FieldType>DateTime</FieldType>
        <FieldWidth>100</FieldWidth>
        <Visible>true</Visible>
      </Field>
      <Field>
        <FieldId>6</FieldId>
        <FieldName>agentno</FieldName>
        <FieldText>专卖店号</FieldText>
        <FieldType>string</FieldType>
        <FieldWidth>100</FieldWidth>
        <Visible>true</Visible>
      </Field>
      <Field>
        <FieldId>7</FieldId>
        <FieldName>backrate</FieldName>
        <FieldText>返还率</FieldText>
        <FieldType>decimal</FieldType>
        <FieldWidth>100</FieldWidth>
        <Visible>true</Visible>
      </Field>
      <Field>
        <FieldId>8</FieldId>
        <FieldName>totalmoney</FieldName>
        <FieldText>总金额</FieldText>
        <FieldType>decimal</FieldType>
        <FieldWidth>100</FieldWidth>
        <Visible>true</Visible>
      </Field>
      <Field>
        <FieldId>9</FieldId>
        <FieldName>giftmoney</FieldName>
        <FieldText>礼券</FieldText>
        <FieldType>decimal</FieldType>
        <FieldWidth>100</FieldWidth>
        <Visible>true</Visible>
      </Field>
      <Field>
        <FieldId>10</FieldId>
        <FieldName>discount</FieldName>
        <FieldText>折扣</FieldText>
        <FieldType>decimal</FieldType>
        <FieldWidth>100</FieldWidth>
        <Visible>true</Visible>
      </Field>
      <Field>
        <FieldId>11</FieldId>
        <FieldName>paymoney</FieldName>
        <FieldText>实付金额</FieldText>
        <FieldType>decimal</FieldType>
        <FieldWidth>100</FieldWidth>
        <Visible>true</Visible>
      </Field>
      <Field>
        <FieldId>12</FieldId>
        <FieldName>state</FieldName>
        <FieldText>状态</FieldText>
        <FieldType>int</FieldType>
        <FieldWidth>100</FieldWidth>
        <Visible>true</Visible>
      </Field>
      <Field>
        <FieldId>13</FieldId>
        <FieldName>pv</FieldName>
        <FieldText>积分</FieldText>
        <FieldType>int</FieldType>
        <FieldWidth>100</FieldWidth>
        <Visible>true</Visible>
      </Field>
      <Field>
        <FieldId>14</FieldId>
        <FieldName>checkdate</FieldName>
        <FieldText>审核日期</FieldText>
        <FieldType>DateTime</FieldType>
        <FieldWidth>100</FieldWidth>
        <Visible>true</Visible>
      </Field>
      <Field>
        <FieldId>15</FieldId>
        <FieldName>inv_no</FieldName>
        <FieldText>产品编号</FieldText>
        <FieldType>string</FieldType>
        <FieldWidth>100</FieldWidth>
        <Visible>true</Visible>
      </Field>
      <Field>
        <FieldId>16</FieldId>
        <FieldName>price</FieldName>
        <FieldText>产品单价</FieldText>
        <FieldType>decimal</FieldType>
        <FieldWidth>100</FieldWidth>
        <Visible>true</Visible>
      </Field>
      <Field>
        <FieldId>17</FieldId>
        <FieldName>money</FieldName>
        <FieldText>小计</FieldText>
        <FieldType>decimal</FieldType>
        <FieldWidth>100</FieldWidth>
        <Visible>true</Visible>
      </Field>
      <Field>
        <FieldId>18</FieldId>
        <FieldName>inv_name</FieldName>
        <FieldText>产品名称</FieldText>
        <FieldType>string</FieldType>
        <FieldWidth>100</FieldWidth>
        <Visible>true</Visible>
      </Field>
      <Field>
        <FieldId>19</FieldId>
        <FieldName>qty</FieldName>
        <FieldText>数量</FieldText>
        <FieldType>int</FieldType>
        <FieldWidth>100</FieldWidth>
        <Visible>true</Visible>
      </Field>
      <Field>
        <FieldId>20</FieldId>
        <FieldName>backmoney</FieldName>
        <FieldText>返还金额</FieldText>
        <FieldType>decimal</FieldType>
        <FieldWidth>100</FieldWidth>
        <Visible>true</Visible>
      </Field>
      <Field>
        <FieldId>21</FieldId>
        <FieldName>torderdate</FieldName>
        <FieldText>作废日期</FieldText>
        <FieldType>decimal</FieldType>
        <FieldWidth>100</FieldWidth>
        <Visible>true</Visible>
      </Field>
    </Fields>
  </DataSet>
  <DataSet name="tc">
    <Fields>
      <Field>
        <FieldId>1</FieldId>
        <FieldName>id</FieldName>
        <FieldText>序号</FieldText>
        <FieldType>int</FieldType>
        <FieldWidth>100</FieldWidth>
        <Visible>true</Visible>
      </Field>
      <Field>
        <FieldId>2</FieldId>
        <FieldName>agentno</FieldName>
        <FieldText>专卖店</FieldText>
        <FieldType>string</FieldType>
        <FieldWidth>100</FieldWidth>
        <Visible>true</Visible>
      </Field>
      <Field>
        <FieldId>3</FieldId>
        <FieldName>hybh</FieldName>
        <FieldText>会员编号</FieldText>
        <FieldType>string</FieldType>
        <FieldWidth>100</FieldWidth>
        <Visible>true</Visible>
      </Field>
      <Field>
        <FieldId>4</FieldId>
        <FieldName>hyxm</FieldName>
        <FieldText>会员姓名</FieldText>
        <FieldType>string</FieldType>
        <FieldWidth>100</FieldWidth>
        <Visible>true</Visible>
      </Field>
      <Field>
        <FieldId>5</FieldId>
        <FieldName>moneyflag</FieldName>
        <FieldText>是否补钱</FieldText>
        <FieldType>bool</FieldType>
        <FieldWidth>100</FieldWidth>
        <Visible>true</Visible>
      </Field>
      <Field>
        <FieldId>6</FieldId>
        <FieldName>old_pv</FieldName>
        <FieldText>旧PV</FieldText>
        <FieldType>int</FieldType>
        <FieldWidth>100</FieldWidth>
        <Visible>true</Visible>
      </Field>
      <Field>
        <FieldId>7</FieldId>
        <FieldName>new_pv</FieldName>
        <FieldText>新PV</FieldText>
        <FieldType>int</FieldType>
        <FieldWidth>100</FieldWidth>
        <Visible>true</Visible>
      </Field>
      <Field>
        <FieldId>8</FieldId>
        <FieldName>old_bjhybh</FieldName>
        <FieldText>旧保荐人</FieldText>
        <FieldType>string</FieldType>
        <FieldWidth>100</FieldWidth>
        <Visible>true</Visible>
      </Field>
      <Field>
        <FieldId>9</FieldId>
        <FieldName>bjhybh</FieldName>
        <FieldText>新保荐人</FieldText>
        <FieldType>string</FieldType>
        <FieldWidth>100</FieldWidth>
        <Visible>true</Visible>
      </Field>
      <Field>
        <FieldId>10</FieldId>
        <FieldName>old_hpos</FieldName>
        <FieldText>原级别</FieldText>
        <FieldType>string</FieldType>
        <FieldWidth>100</FieldWidth>
        <Visible>true</Visible>
      </Field>
      <Field>
        <FieldId>11</FieldId>
        <FieldName>hpos</FieldName>
        <FieldText>新级别</FieldText>
        <FieldType>string</FieldType>
        <FieldWidth>100</FieldWidth>
        <Visible>true</Visible>
      </Field>
      <Field>
        <FieldId>12</FieldId>
        <FieldName>tcmonth</FieldName>
        <FieldText>调差月份</FieldText>
        <FieldType>string</FieldType>
        <FieldWidth>100</FieldWidth>
        <Visible>true</Visible>
      </Field>
      <Field>
        <FieldId>13</FieldId>
        <FieldName>lrmonth</FieldName>
        <FieldText>录入月份</FieldText>
        <FieldType>string</FieldType>
        <FieldWidth>100</FieldWidth>
        <Visible>true</Visible>
      </Field>
      <Field>
        <FieldId>14</FieldId>
        <FieldName>lrdate</FieldName>
        <FieldText>录入日期</FieldText>
        <FieldType>DateTime</FieldType>
        <FieldWidth>100</FieldWidth>
        <Visible>true</Visible>
      </Field>
      <Field>
        <FieldId>15</FieldId>
        <FieldName>pv</FieldName>
        <FieldText>实际PV</FieldText>
        <FieldType>string</FieldType>
        <FieldWidth>100</FieldWidth>
        <Visible>true</Visible>
      </Field>
    </Fields>
  </DataSet>
  <DataSet name="Test">
    <Fields>
      <Field>
        <FieldId>1</FieldId>
        <FieldName>username</FieldName>
        <FieldText>用户名</FieldText>
        <FieldType>String</FieldType>
        <FieldWidth>10</FieldWidth>
        <Visible>true</Visible>
      </Field>
      <Field>
        <FieldId>2</FieldId>
        <FieldName>age</FieldName>
        <FieldText>年龄</FieldText>
        <FieldType>Int</FieldType>
        <FieldWidth>10</FieldWidth>
        <Visible>true</Visible>
      </Field>
    </Fields>
  </DataSet>
  <DataSet name="inv">
    <Fields>
      <Field>
        <FieldId>1</FieldId>
        <FieldName>inv_no</FieldName>
        <FieldText>产品编码</FieldText>
        <FieldType>String</FieldType>
        <FieldWidth>10</FieldWidth>
        <Visible>true</Visible>
      </Field>
      <Field>
        <FieldId>2</FieldId>
        <FieldName>inv_name</FieldName>
        <FieldText>产品名称</FieldText>
        <FieldType>String</FieldType>
        <FieldWidth>10</FieldWidth>
        <Visible>true</Visible>
      </Field>
      <Field>
        <FieldId>3</FieldId>
        <FieldName>spec</FieldName>
        <FieldText>规格</FieldText>
        <FieldType>String</FieldType>
        <FieldWidth>10</FieldWidth>
        <Visible>true</Visible>
      </Field>
      <Field>
        <FieldId>4</FieldId>
        <FieldName>unit</FieldName>
        <FieldText>单位</FieldText>
        <FieldType>String</FieldType>
        <FieldWidth>10</FieldWidth>
        <Visible>true</Visible>
      </Field>
      <Field>
        <FieldId>5</FieldId>
        <FieldName>pv</FieldName>
        <FieldText>积分</FieldText>
        <FieldType>int</FieldType>
        <FieldWidth>10</FieldWidth>
        <Visible>true</Visible>
      </Field>
      <Field>
        <FieldId>6</FieldId>
        <FieldName>pvj</FieldName>
        <FieldText>销售价</FieldText>
        <FieldType>decimal</FieldType>
        <FieldWidth>10</FieldWidth>
        <Visible>true</Visible>
      </Field>
      <Field>
        <FieldId>7</FieldId>
        <FieldName>zkj</FieldName>
        <FieldText>订货价</FieldText>
        <FieldType>decimal</FieldType>
        <FieldWidth>10</FieldWidth>
        <Visible>true</Visible>
      </Field>
      <Field>
        <FieldId>8</FieldId>
        <FieldName>lsj</FieldName>
        <FieldText>零售价</FieldText>
        <FieldType>decimal</FieldType>
        <FieldWidth>10</FieldWidth>
        <Visible>true</Visible>
      </Field>
      <Field>
        <FieldId>9</FieldId>
        <FieldName>orderflag</FieldName>
        <FieldText>是否取消</FieldText>
        <FieldType>bool</FieldType>
        <FieldWidth>10</FieldWidth>
        <Visible>true</Visible>
      </Field>
    </Fields>
  </DataSet>
  <DataSet name="newshop">
    <Fields>
      <Field>
        <FieldId>1</FieldId>
        <FieldName>orderid</FieldName>
        <FieldText>订单序号</FieldText>
        <FieldType>int</FieldType>
        <FieldWidth>4</FieldWidth>
        <Visible>true</Visible>
      </Field>
      <Field>
        <FieldId>2</FieldId>
        <FieldName>orderno</FieldName>
        <FieldText>订单编号</FieldText>
        <FieldType>string</FieldType>
        <FieldWidth>20</FieldWidth>
        <Visible>true</Visible>
      </Field>
      <Field>
        <FieldId>3</FieldId>
        <FieldName>fhybh</FieldName>
        <FieldText>顾客编号</FieldText>
        <FieldType>int</FieldType>
        <FieldWidth>10</FieldWidth>
        <Visible>true</Visible>
      </Field>
      <Field>
        <FieldId>4</FieldId>
        <FieldName>fhyxm</FieldName>
        <FieldText>顾客姓名</FieldText>
        <FieldType>string</FieldType>
        <FieldWidth>50</FieldWidth>
        <Visible>true</Visible>
      </Field>
      <Field>
        <FieldId>5</FieldId>
        <FieldName>fshopno</FieldName>
        <FieldText>专卖店号</FieldText>
        <FieldType>string</FieldType>
        <FieldWidth>10</FieldWidth>
        <Visible>false</Visible>
      </Field>
      <Field>
        <FieldId>6</FieldId>
        <FieldName>cmonth</FieldName>
        <FieldText>月份</FieldText>
        <FieldType>string</FieldType>
        <FieldWidth>10</FieldWidth>
        <Visible>True</Visible>
      </Field>
      <Field>
        <FieldId>7</FieldId>
        <FieldName>giftmoney</FieldName>
        <FieldText>礼券</FieldText>
        <FieldType>decimal</FieldType>
        <FieldWidth>18</FieldWidth>
        <Visible>True</Visible>
      </Field>
    </Fields>
  </DataSet>
  <DataSet name="cloth">
    <Fields>
    </Fields>
  </DataSet>
  <DataSet name="shfw">
    <Fields>
      <Field>
        <FieldId>3</FieldId>
        <FieldName>11</FieldName>
        <FieldText>11</FieldText>
        <FieldType>11</FieldType>
        <FieldWidth>11</FieldWidth>
        <Visible>true</Visible>
      </Field>
      <Field>
        <FieldId>4</FieldId>
        <FieldName>4</FieldName>
        <FieldText>4</FieldText>
        <FieldType>4</FieldType>
        <FieldWidth>4</FieldWidth>
        <Visible>true</Visible>
      </Field>
      <Field>
        <FieldId>5</FieldId>
        <FieldName>4</FieldName>
        <FieldText>4</FieldText>
        <FieldType>4</FieldType>
        <FieldWidth>4</FieldWidth>
        <Visible>true</Visible>
      </Field>
      <Field>
        <FieldId>6</FieldId>
        <FieldName>6</FieldName>
        <FieldText>6</FieldText>
        <FieldType>6</FieldType>
        <FieldWidth>6</FieldWidth>
        <Visible>true</Visible>
      </Field>
    </Fields>
  </DataSet>
</DataSets>