﻿<?xml version="1.0" encoding="utf-8" ?>
<applictions>
  <application name="usershop">
    <actions type="noLoginValid">
      <action>Login</action>
      <action>Login1</action>
      <action>Login2</action>
      <action>Bar</action>
      <action>Pass</action>
      <action>GetBar</action>
      <action>CheckBar</action>
      <action>SendCheckCode</action>
      <action>Clause</action>
      <action>SelectRegisterType</action>
      <action>VipRegister</action>
      <action>Default</action>
      <action>InputUserId</action>
      <action>CheckVipUserExist</action>
      <action>CheckUserExist</action>
      <action>Quit</action>
      <action>GetValidateCode</action>
      <action>VipRegister</action>
      <action>GetProvinceList</action>
      <action>GetCityList</action>
      <action>GetAgentList</action>
      <action>testAdd</action>
      <action>ForgetPassword</action>
      <action>PerLife</action>
      <action>PerMall</action>
      <action>ExplorerError</action>
      <action>Index,System</action>
    </actions>
  </application>
</applictions>
