﻿<?xml version="1.0" encoding="utf-8" ?>
<Perfect>
  <Configs>
    <Config Name="Customer">
      <ConfigValue Name="Sex">
        <Items>
          <Item Name="男" Value="男" />
          <Item Name="女" Value="女" />
        </Items>
      </ConfigValue>
      <ConfigValue Name="Education">
        <Items>
          <Item Name="初中或以下" Value="初中或以下" />
          <Item Name="高中" Value="高中" />
          <Item Name="大学或以上" Value="大学或以上" />
        </Items>
      </ConfigValue>
      <ConfigValue Name="Marry">
        <Items>
          <Item Name="未婚" Value="未婚" />
          <Item Name="已婚" Value="已婚" />
          <Item Name="离异" Value="离异" />
        </Items>
      </ConfigValue>
      <ConfigValue Name="Province">
        <Items>
          <Item Name="请选择省份" Value="-" />
          <Item Name="安徽" Value="安徽" />
          <Item Name="澳门" Value="澳门" />
          <Item Name="北京" Value="北京" />
          <Item Name="福建" Value="福建" />
          <Item Name="甘肃" Value="甘肃" />
          <Item Name="广东" Value="广东" />
          <Item Name="广西" Value="广西" />
          <Item Name="贵州" Value="贵州" />
          <Item Name="海南" Value="海南" />
          <Item Name="河北" Value="河北" />
          <Item Name="河南" Value="河南" />
          <Item Name="黑龙江" Value="黑龙江" />
          <Item Name="湖北" Value="湖北" />
          <Item Name="湖南" Value="湖南" />
          <Item Name="吉林" Value="吉林" />
          <Item Name="江苏" Value="江苏" />
          <Item Name="江西" Value="江西" />
          <Item Name="辽宁" Value="辽宁" />
          <Item Name="内蒙古" Value="内蒙古" />
          <Item Name="宁夏" Value="宁夏" />
          <Item Name="青海" Value="青海" />
          <Item Name="山东" Value="山东" />
          <Item Name="山西" Value="山西" />
          <Item Name="陕西" Value="陕西" />
          <Item Name="上海" Value="上海" />
          <Item Name="四川" Value="四川" />
          <Item Name="台湾" Value="台湾" />
          <Item Name="天津" Value="天津" />
          <Item Name="西藏" Value="西藏" />
          <Item Name="新疆" Value="新疆" />
          <Item Name="香港" Value="香港" />
          <Item Name="云南" Value="云南" />
          <Item Name="浙江" Value="浙江" />
          <Item Name="重庆" Value="重庆" />
        </Items>
      </ConfigValue>
      <ConfigValue Name="Nation">
        <Items>
          <Item Name="汉族" Value="汉族" />
          <Item Name="蒙古族" Value="蒙古族" />
          <Item Name="满族" Value="满族" />
          <Item Name="朝鲜族" Value="朝鲜族" />
          <Item Name="赫哲族" Value="赫哲族" />
          <Item Name="达斡尔族" Value="达斡尔族" />
          <Item Name="鄂温克族" Value="鄂温克族" />
          <Item Name="鄂伦春族" Value="鄂伦春族" />
          <Item Name="回族" Value="回族" />
          <Item Name="东乡族" Value="东乡族" />
          <Item Name="土族" Value="土族" />
          <Item Name="撒拉族" Value="撒拉族" />
          <Item Name="保安族" Value="保安族" />
          <Item Name="裕固族" Value="裕固族" />
          <Item Name="维吾尔族" Value="维吾尔族" />
          <Item Name="哈萨克族" Value="哈萨克族" />
          <Item Name="柯尔克孜族" Value="柯尔克孜族" />
          <Item Name="锡伯族" Value="锡伯族" />
          <Item Name="塔吉克族" Value="塔吉克族" />
          <Item Name="乌孜别克族" Value="乌孜别克族" />
          <Item Name="俄罗斯族" Value="俄罗斯族" />
          <Item Name="塔塔尔族" Value="塔塔尔族" />
          <Item Name="藏族" Value="藏族" />
          <Item Name="门巴族" Value="门巴族" />
          <Item Name="珞巴族" Value="珞巴族" />
          <Item Name="羌族" Value="羌族" />
          <Item Name="彝族" Value="彝族" />
          <Item Name="白族" Value="白族" />
          <Item Name="哈尼族" Value="哈尼族" />
          <Item Name="傣族" Value="傣族" />
          <Item Name="僳僳族" Value="僳僳族" />
          <Item Name="佤族" Value="佤族" />
          <Item Name="拉祜族" Value="拉祜族" />
          <Item Name="纳西族" Value="纳西族" />
          <Item Name="景颇族" Value="景颇族" />
          <Item Name="布朗族" Value="布朗族" />
          <Item Name="阿昌族" Value="阿昌族" />
          <Item Name="普米族" Value="普米族" />
          <Item Name="怒族" Value="怒族" />
          <Item Name="德昂族" Value="德昂族" />
          <Item Name="独龙族" Value="独龙族" />
          <Item Name="基诺族" Value="基诺族" />
          <Item Name="苗族" Value="苗族" />
          <Item Name="布依族" Value="布依族" />
          <Item Name="侗族" Value="侗族" />
          <Item Name="水族" Value="水族" />
          <Item Name="仡佬族" Value="仡佬族" />
          <Item Name="壮族" Value="壮族" />
          <Item Name="瑶族" Value="瑶族" />
          <Item Name="仫佬族" Value="仫佬族" />
          <Item Name="毛南族" Value="毛南族" />
          <Item Name="京族" Value="京族" />
          <Item Name="土家族" Value="土家族" />
          <Item Name="黎族" Value="黎族" />
          <Item Name="畲族" Value="畲族" />
          <Item Name="高山族" Value="高山族" />
        </Items>
      </ConfigValue>
    </Config>
  </Configs>
</Perfect>
